t,s,sd,p1,p2,f
0,0.5,0,3.1708e+06,4.5292e+06,8829
0.01,0.5,1.4e-05,3.1701e+06,4.5299e+06,8837.6
0.02,0.5,0.00010217,3.1678e+06,4.5322e+06,8858.7
0.03,0.5,0.00030824,3.1641e+06,4.5359e+06,8886
0.04,0.50001,0.00065194,3.1592e+06,4.5408e+06,8915.5
0.05,0.50002,0.0011372,3.1532e+06,4.5468e+06,8944.4
0.06,0.50003,0.001757,3.1464e+06,4.5536e+06,8970.7
0.07,0.50005,0.0024961,3.139e+06,4.561e+06,8993
0.08,0.50008,0.003333,3.1313e+06,4.5687e+06,9010
0.09,0.50012,0.0042416,3.1235e+06,4.5765e+06,9020.9
0.1,0.50017,0.005192,3.1158e+06,4.5842e+06,9025
0.11,0.50022,0.0061516,3.1087e+06,4.5913e+06,9021.7
0.12,0.50029,0.0070859,3.1023e+06,4.5977e+06,9010.9
0.13,0.50036,0.0079599,3.097e+06,4.603e+06,8992.5
0.14,0.50045,0.0087384,3.093e+06,4.607e+06,8966.7
0.15,0.50054,0.0093875,3.0906e+06,4.6094e+06,8933.7
0.16,0.50063,0.009875,3.0899e+06,4.6101e+06,8894.2
0.17,0.50074,0.010172,3.0911e+06,4.6089e+06,8848.9
0.18,0.50084,0.010251,3.0943e+06,4.6057e+06,8798.5
0.19,0.50094,0.010092,3.0997e+06,4.6003e+06,8744.2
0.2,0.50104,0.0096773,3.1073e+06,4.5927e+06,8687.1
0.21,0.50113,0.008996,3.1171e+06,4.5829e+06,8628.4
0.22,0.50122,0.0080425,3.1289e+06,4.5711e+06,8569.5
0.23,0.50129,0.0068177,3.1428e+06,4.5572e+06,8511.8
0.24,0.50135,0.005329,3.1585e+06,4.5415e+06,8456.7
0.25,0.5014,0.0035902,3.1758e+06,4.5242e+06,8405.6
0.26,0.50142,0.001622,3.1945e+06,4.5055e+06,8359.8
0.27,0.50143,-0.00054889,3.2142e+06,4.4858e+06,8320.8
0.28,0.50141,-0.0028895,3.2346e+06,4.4654e+06,8289.6
0.29,0.50137,-0.0053613,3.2553e+06,4.4447e+06,8267.6
0.3,0.5013,-0.0079208,3.2759e+06,4.4241e+06,8255.6
0.31,0.50121,-0.01052,3.296e+06,4.404e+06,8254.5
0.32,0.50109,-0.013109,3.3151e+06,4.3849e+06,8264.8
0.33,0.50095,-0.015634,3.3328e+06,4.3672e+06,8286.9
0.34,0.50078,-0.018039,3.3487e+06,4.3513e+06,8321.1
0.35,0.50059,-0.020271,3.3623e+06,4.3377e+06,8367.2
0.36,0.50038,-0.022276,3.3733e+06,4.3267e+06,8425
0.37,0.50015,-0.024001,3.3813e+06,4.3187e+06,8493.8
0.38,0.4999,-0.025399,3.3859e+06,4.3141e+06,8572.9
0.39,0.49964,-0.026426,3.387e+06,4.313e+06,8661.1
0.4,0.49937,-0.027044,3.3844e+06,4.3156e+06,8757.1
0.41,0.4991,-0.02722,3.3779e+06,4.3221e+06,8859.6
0.42,0.49883,-0.02693,3.3674e+06,4.3326e+06,8966.7
0.43,0.49856,-0.026158,3.353e+06,4.347e+06,9076.5
0.44,0.49831,-0.024896,3.3348e+06,4.3652e+06,9187.1
0.45,0.49807,-0.023145,3.3129e+06,4.3871e+06,9296.3
0.46,0.49785,-0.020916,3.2877e+06,4.4123e+06,9402
0.47,0.49765,-0.01823,3.2593e+06,4.4407e+06,9501.9
0.48,0.49748,-0.015115,3.2283e+06,4.4717e+06,9593.9
0.49,0.49735,-0.011611,3.195e+06,4.505e+06,9675.9
0.5,0.49725,-0.0077646,3.1601e+06,4.54e+06,9745.9
0.51,0.49719,-0.003632,3.1239e+06,4.5761e+06,9802.1
0.52,0.49718,0.00072467,3.0873e+06,4.6127e+06,9843
0.53,0.49721,0.0052368,3.0507e+06,4.6493e+06,9867.3
0.54,0.49728,0.0098308,3.0148e+06,4.6852e+06,9874.1
0.55,0.49741,0.014429,2.9804e+06,4.7197e+06,9862.6
0.56,0.49757,0.018953,2.9479e+06,4.7522e+06,9832.7
0.57,0.49778,0.023322,2.918e+06,4.7821e+06,9784.4
0.58,0.49804,0.027456,2.8913e+06,4.8088e+06,9718.1
0.59,0.49833,0.031278,2.8683e+06,4.8317e+06,9634.7
0.6,0.49866,0.034712,2.8495e+06,4.8505e+06,9535.2
0.61,0.49903,0.03769,2.8354e+06,4.8646e+06,9421
0.62,0.49941,0.040146,2.8263e+06,4.8737e+06,9293.8
0.63,0.49983,0.042023,2.8225e+06,4.8775e+06,9155.2
0.64,0.50025,0.043273,2.8242e+06,4.8758e+06,9007.5
0.65,0.50069,0.043854,2.8317e+06,4.8683e+06,8852.7
0.66,0.50113,0.043736,2.8449e+06,4.8551e+06,8693.2
0.67,0.50156,0.042897,2.8638e+06,4.8362e+06,8531.4
0.68,0.50198,0.041327,2.8883e+06,4.8117e+06,8369.8
0.69,0.50239,0.039029,2.9182e+06,4.7818e+06,8211
0.7,0.50276,0.036017,2.9531e+06,4.7469e+06,8057.6
0.71,0.5031,0.032315,2.9928e+06,4.7072e+06,7912.1
0.72,0.50341,0.027964,3.0366e+06,4.6634e+06,7777.3
0.73,0.50366,0.023014,3.0841e+06,4.6159e+06,7655.5
0.74,0.50386,0.01753,3.1345e+06,4.5656e+06,7549.3
0.75,0.50401,0.011586,3.187e+06,4.513e+06,7460.8
0.76,0.50409,0.0052684,3.2409e+06,4.4592e+06,7392.3
0.77,0.50411,-0.0013263,3.2952e+06,4.4048e+06,7345.4
0.78,0.50407,-0.0080943,3.3491e+06,4.351e+06,7321.6
0.79,0.50395,-0.014925,3.4016e+06,4.2985e+06,7322.2
0.8,0.50377,-0.021704,3.4518e+06,4.2483e+06,7347.7
0.81,0.50352,-0.028313,3.4987e+06,4.2013e+06,7398.6
0.82,0.5032,-0.034636,3.5415e+06,4.1586e+06,7474.6
0.83,0.50283,-0.040558,3.5793e+06,4.1207e+06,7575.2
0.84,0.50239,-0.045969,3.6114e+06,4.0887e+06,7699.4
0.85,0.50191,-0.050765,3.637e+06,4.063e+06,7845.7
0.86,0.50138,-0.054852,3.6556e+06,4.0444e+06,8012.3
0.87,0.50082,-0.058145,3.6667e+06,4.0333e+06,8197.1
0.88,0.50022,-0.060573,3.67e+06,4.03e+06,8397.6
0.89,0.49961,-0.062076,3.6651e+06,4.0349e+06,8610.7
0.9,0.49898,-0.062609,3.6521e+06,4.0479e+06,8833.5
0.91,0.49836,-0.062143,3.6309e+06,4.0691e+06,9062.5
0.92,0.49774,-0.060664,3.6017e+06,4.0983e+06,9294
0.93,0.49715,-0.058176,3.5649e+06,4.1351e+06,9524.1
0.94,0.49658,-0.0547,3.5209e+06,4.1792e+06,9748.9
0.95,0.49606,-0.050271,3.4703e+06,4.2298e+06,9964.1
0.96,0.49558,-0.044945,3.4138e+06,4.2863e+06,10166
0.97,0.49516,-0.038792,3.3523e+06,4.3477e+06,10349
0.98,0.49481,-0.031899,3.2869e+06,4.4132e+06,10511
0.99,0.49453,-0.024366,3.2184e+06,4.4817e+06,10648
1,0.49432,-0.016308,3.1481e+06,4.552e+06,10756
1.01,0.4942,-0.0078638,3.0779e+06,4.6222e+06,10824
1.02,0.49417,0.00077469,3.0097e+06,4.6904e+06,10847
1.03,0.49422,0.0094252,2.9445e+06,4.7556e+06,10830
1.04,0.49435,0.017926,2.8832e+06,4.8169e+06,10776
1.05,0.49457,0.02613,2.8268e+06,4.8732e+06,10689
1.06,0.49487,0.033903,2.7761e+06,4.924e+06,10571
1.07,0.49525,0.041122,2.7317e+06,4.9683e+06,10425
1.08,0.4957,0.047677,2.6944e+06,5.0057e+06,10256
1.09,0.4962,0.05347,2.6644e+06,5.0356e+06,10066
1.1,0.49676,0.058416,2.6423e+06,5.0577e+06,9858.1
1.11,0.49737,0.062443,2.6284e+06,5.0716e+06,9636.8
1.12,0.49801,0.065494,2.6227e+06,5.0773e+06,9405.4
1.13,0.49867,0.067525,2.6254e+06,5.0746e+06,9167.1
1.14,0.49935,0.068505,2.6365e+06,5.0635e+06,8925.6
1.15,0.50004,0.068419,2.6557e+06,5.0443e+06,8684
1.16,0.50072,0.067266,2.6829e+06,5.0171e+06,8445.7
1.17,0.50138,0.065059,2.7177e+06,4.9823e+06,8213.8
1.18,0.50202,0.061826,2.7597e+06,4.9403e+06,7991.5
1.19,0.50261,0.057609,2.8082e+06,4.8918e+06,7781.9
1.2,0.50317,0.052467,2.8627e+06,4.8373e+06,7587.9
1.21,0.50366,0.046473,2.9223e+06,4.7777e+06,7412.6
1.22,0.50409,0.039714,2.9862e+06,4.7138e+06,7258.5
1.23,0.50445,0.032291,3.0533e+06,4.6467e+06,7128.2
1.24,0.50474,0.024319,3.1226e+06,4.5774e+06,7024
1.25,0.50494,0.015922,3.1931e+06,4.507e+06,6947.8
1.26,0.50505,0.0072343,3.2635e+06,4.4365e+06,6901
1.27,0.50508,-0.0016033,3.3328e+06,4.3673e+06,6884.6
1.28,0.50502,-0.010446,3.3997e+06,4.3004e+06,6899.2
1.29,0.50487,-0.01915,3.4631e+06,4.2369e+06,6944.5
1.3,0.50464,-0.027569,3.5221e+06,4.178e+06,7020.2
1.31,0.50432,-0.035567,3.5755e+06,4.1245e+06,7124.9
1.32,0.50393,-0.043012,3.6226e+06,4.0774e+06,7257.2
1.33,0.50347,-0.049782,3.6626e+06,4.0374e+06,7415
1.34,0.50294,-0.055768,3.6947e+06,4.0053e+06,7595.8
1.35,0.50235,-0.060875,3.7185e+06,3.9815e+06,7797
1.36,0.50172,-0.065023,3.7336e+06,3.9664e+06,8015.5
1.37,0.50106,-0.068146,3.7397e+06,3.9603e+06,8248
1.38,0.50036,-0.070197,3.7368e+06,3.9632e+06,8491.1
1.39,0.49966,-0.071145,3.7249e+06,3.9751e+06,8741.1
1.4,0.49894,-0.070977,3.7041e+06,3.9959e+06,8994.3
1.41,0.49824,-0.069697,3.6749e+06,4.0252e+06,9246.7
1.42,0.49755,-0.067326,3.6376e+06,4.0624e+06,9494.2
1.43,0.4969,-0.063904,3.5929e+06,4.1071e+06,9732.9
1.44,0.49628,-0.059484,3.5415e+06,4.1585e+06,9958.7
1.45,0.49571,-0.054139,3.4844e+06,4.2157e+06,10168
1.46,0.4952,-0.047955,3.4223e+06,4.2778e+06,10356
1.47,0.49475,-0.041031,3.3564e+06,4.3436e+06,10520
1.48,0.49438,-0.03348,3.2878e+06,4.4122e+06,10657
1.49,0.49409,-0.025424,3.2177e+06,4.4824e+06,10763
1.5,0.49387,-0.016995,3.1471e+06,4.553e+06,10838
1.51,0.49375,-0.0083268,3.0772e+06,4.6229e+06,10880
1.52,0.49371,0.00043901,3.0092e+06,4.6909e+06,10888
1.53,0.49376,0.0091629,2.9441e+06,4.756e+06,10861
1.54,0.49389,0.017707,2.8829e+06,4.8172e+06,10802
1.55,0.49411,0.025937,2.8265e+06,4.8735e+06,10712
1.56,0.49441,0.033726,2.7758e+06,4.9242e+06,10592
1.57,0.49478,0.040957,2.7315e+06,4.9685e+06,10445
1.58,0.49522,0.047521,2.6941e+06,5.0059e+06,10274
1.59,0.49573,0.053321,2.6642e+06,5.0358e+06,10083
1.6,0.49629,0.058274,2.6421e+06,5.0579e+06,9874.9
1.61,0.49689,0.062308,2.6282e+06,5.0718e+06,9652.9
1.62,0.49753,0.065365,2.6225e+06,5.0775e+06,9420.7
1.63,0.4982,0.067402,2.6252e+06,5.0748e+06,9181.7
1.64,0.49888,0.068388,2.6363e+06,5.0637e+06,8939.4
1.65,0.49956,0.068309,2.6555e+06,5.0445e+06,8697.1
1.66,0.50024,0.067161,2.6827e+06,5.0172e+06,8458.2
1.67,0.5009,0.064959,2.7176e+06,4.9824e+06,8225.7
1.68,0.50153,0.061731,2.7596e+06,4.9404e+06,8002.8
1.69,0.50213,0.057519,2.8081e+06,4.8919e+06,7792.6
1.7,0.50268,0.052381,2.8626e+06,4.8374e+06,7598.2
1.71,0.50318,0.04639,2.9222e+06,4.7778e+06,7422.4
1.72,0.50361,0.039635,2.9861e+06,4.714e+06,7267.9
1.73,0.50397,0.032215,3.0532e+06,4.6469e+06,7137.3
1.74,0.50425,0.024245,3.1225e+06,4.5775e+06,7032.9
1.75,0.50445,0.01585,3.193e+06,4.5071e+06,6956.4
1.76,0.50457,0.0071639,3.2634e+06,4.4366e+06,6909.4
1.77,0.50459,-0.0016726,3.3327e+06,4.3674e+06,6892.9
1.78,0.50453,-0.010515,3.3996e+06,4.3005e+06,6907.4
1.79,0.50438,-0.019218,3.463e+06,4.237e+06,6952.7
1.8,0.50415,-0.027638,3.522e+06,4.1781e+06,7028.4
1.81,0.50383,-0.035636,3.5754e+06,4.1246e+06,7133.2
1.82,0.50344,-0.043081,3.6225e+06,4.0775e+06,7265.5
1.83,0.50297,-0.049853,3.6625e+06,4.0376e+06,7423.5
1.84,0.50244,-0.05584,3.6946e+06,4.0054e+06,7604.5
1.85,0.50186,-0.060949,3.7184e+06,3.9816e+06,7805.8
1.86,0.50123,-0.065098,3.7335e+06,3.9665e+06,8024.6
1.87,0.50056,-0.068224,3.7396e+06,3.9604e+06,8257.4
1.88,0.49987,-0.070277,3.7367e+06,3.9633e+06,8500.8
1.89,0.49916,-0.071228,3.7247e+06,3.9753e+06,8751.1
1.9,0.49845,-0.071063,3.704e+06,3.996e+06,9004.6
1.91,0.49774,-0.069786,3.6747e+06,4.0253e+06,9257.3
1.92,0.49705,-0.067418,3.6374e+06,4.0626e+06,9505.3
1.93,0.4964,-0.063999,3.5928e+06,4.1073e+06,9744.4
1.94,0.49578,-0.059583,3.5414e+06,4.1587e+06,9970.6
1.95,0.49521,-0.054242,3.4842e+06,4.2159e+06,10180
1.96,0.49469,-0.048061,3.4222e+06,4.2779e+06,10369
1.97,0.49425,-0.041141,3.3563e+06,4.3438e+06,10533
1.98,0.49387,-0.033594,3.2877e+06,4.4124e+06,10670
1.99,0.49358,-0.025541,3.2175e+06,4.4826e+06,10777
2,0.49336,-0.017114,3.1469e+06,4.5532e+06,10853
2.01,0.49324,-0.0084494,3.077e+06,4.6231e+06,10895
2.02,0.4932,0.00031395,3.009e+06,4.6911e+06,10903
2.03,0.49324,0.0090357,2.9439e+06,4.7562e+06,10877
2.04,0.49338,0.017578,2.8827e+06,4.8174e+06,10818
2.05,0.49359,0.025807,2.8264e+06,4.8737e+06,10727
2.06,0.49389,0.033596,2.7757e+06,4.9244e+06,10607
2.07,0.49426,0.040826,2.7313e+06,4.9687e+06,10461
2.08,0.4947,0.04739,2.6939e+06,5.0061e+06,10290
2.09,0.49521,0.053191,2.664e+06,5.036e+06,10099
2.1,0.49577,0.058145,2.642e+06,5.0581e+06,9890.3
2.11,0.49637,0.06218,2.628e+06,5.072e+06,9668.1
2.12,0.49701,0.065239,2.6223e+06,5.0777e+06,9435.6
2.13,0.49767,0.067278,2.6251e+06,5.0749e+06,9196.4
2.14,0.49835,0.068267,2.6361e+06,5.0639e+06,8953.8
2.15,0.49903,0.06819,2.6554e+06,5.0446e+06,8711.3
2.16,0.49971,0.067045,2.6826e+06,5.0174e+06,8472
2.17,0.50037,0.064846,2.7174e+06,4.9826e+06,8239.1
2.18,0.501,0.06162,2.7594e+06,4.9406e+06,8016
2.19,0.5016,0.057411,2.808e+06,4.892e+06,7805.5
2.2,0.50215,0.052276,2.8624e+06,4.8376e+06,7610.7
2.21,0.50264,0.046288,2.9221e+06,4.778e+06,7434.6
2.22,0.50307,0.039535,2.9859e+06,4.7141e+06,7279.9
2.23,0.50343,0.032117,3.053e+06,4.647e+06,7149
2.24,0.50371,0.024149,3.1224e+06,4.5776e+06,7044.3
2.25,0.50391,0.015756,3.1928e+06,4.5072e+06,6967.7
2.26,0.50402,0.0070709,3.2633e+06,4.4368e+06,6920.6
2.27,0.50405,-0.0017649,3.3325e+06,4.3675e+06,6904
2.28,0.50399,-0.010607,3.3994e+06,4.3006e+06,6918.4
2.29,0.50384,-0.01931,3.4629e+06,4.2372e+06,6963.8
2.3,0.5036,-0.027731,3.5218e+06,4.1782e+06,7039.6
2.31,0.50329,-0.035731,3.5753e+06,4.1247e+06,7144.6
2.32,0.50289,-0.043178,3.6224e+06,4.0776e+06,7277.2
2.33,0.50243,-0.049952,3.6623e+06,4.0377e+06,7435.4
2.34,0.5019,-0.055944,3.6944e+06,4.0056e+06,7616.9
2.35,0.50131,-0.061057,3.7182e+06,3.9818e+06,7818.8
2.36,0.50068,-0.065211,3.7333e+06,3.9667e+06,8038.1
2.37,0.50001,-0.068342,3.7394e+06,3.9606e+06,8271.6
2.38,0.49931,-0.070402,3.7365e+06,3.9635e+06,8515.8
2.39,0.4986,-0.07136,3.7245e+06,3.9755e+06,8767
2.4,0.49789,-0.071203,3.7038e+06,3.9962e+06,9021.4
2.41,0.49718,-0.069934,3.6745e+06,4.0255e+06,9275.1
2.42,0.4965,-0.067575,3.6372e+06,4.0628e+06,9524.1
2.43,0.49584,-0.064165,3.5925e+06,4.1075e+06,9764.3
2.44,0.49522,-0.059758,3.5411e+06,4.1589e+06,9991.6
2.45,0.49464,-0.054426,3.4839e+06,4.2161e+06,10202
2.46,0.49413,-0.048254,3.4219e+06,4.2782e+06,10392
2.47,0.49368,-0.041342,3.356e+06,4.3441e+06,10557
2.48,0.4933,-0.033803,3.2874e+06,4.4127e+06,10695
2.49,0.49301,-0.025758,3.2172e+06,4.4829e+06,10803
2.5,0.49279,-0.017338,3.1465e+06,4.5536e+06,10879
2.51,0.49266,-0.0086786,3.0767e+06,4.6234e+06,10922
2.52,0.49262,8e-05,3.0086e+06,4.6915e+06,10930
2.53,0.49266,0.0087982,2.9435e+06,4.7566e+06,10905
2.54,0.49279,0.017338,2.8823e+06,4.8177e+06,10846
2.55,0.49301,0.025566,2.826e+06,4.8741e+06,10756
2.56,0.4933,0.033355,2.7753e+06,4.9248e+06,10636
2.57,0.49367,0.040587,2.731e+06,4.9691e+06,10489
2.58,0.49411,0.047153,2.6936e+06,5.0064e+06,10318
2.59,0.49461,0.052958,2.6637e+06,5.0363e+06,10126
2.6,0.49517,0.057917,2.6416e+06,5.0584e+06,9917.4
2.61,0.49577,0.061958,2.6277e+06,5.0723e+06,9694.5
2.62,0.4964,0.065023,2.622e+06,5.078e+06,9461.2
2.63,0.49707,0.067069,2.6248e+06,5.0752e+06,9221.2
2.64,0.49774,0.068065,2.6358e+06,5.0642e+06,8977.8
2.65,0.49842,0.067996,2.6551e+06,5.0449e+06,8734.3
2.66,0.4991,0.066859,2.6823e+06,5.0177e+06,8494.1
2.67,0.49976,0.064668,2.7171e+06,4.9828e+06,8260.3
2.68,0.50039,0.06145,2.7591e+06,4.9409e+06,8036.3
2.69,0.50098,0.057248,2.8077e+06,4.8923e+06,7824.9
2.7,0.50153,0.05212,2.8622e+06,4.8378e+06,7629.3
2.71,0.50202,0.046138,2.9218e+06,4.7782e+06,7452.5
2.72,0.50245,0.039391,2.9857e+06,4.7143e+06,7297
2.73,0.50281,0.031979,3.0528e+06,4.6472e+06,7165.6
2.74,0.50309,0.024015,3.1222e+06,4.5779e+06,7060.4
2.75,0.50329,0.015626,3.1926e+06,4.5074e+06,6983.3
2.76,0.5034,0.0069437,3.2631e+06,4.437e+06,6935.8
2.77,0.50343,-0.00189,3.3323e+06,4.3677e+06,6919
2.78,0.50336,-0.010731,3.3992e+06,4.3008e+06,6933.3
2.79,0.50321,-0.019434,3.4627e+06,4.2373e+06,6978.7
2.8,0.50297,-0.027855,3.5216e+06,4.1784e+06,7054.5
2.81,0.50266,-0.035856,3.5751e+06,4.1249e+06,7159.6
2.82,0.50226,-0.043306,3.6222e+06,4.0778e+06,7292.5
2.83,0.50179,-0.050083,3.6621e+06,4.0379e+06,7451.1
2.84,0.50126,-0.056078,3.6942e+06,4.0058e+06,7633
2.85,0.50067,-0.061195,3.718e+06,3.982e+06,7835.4
2.86,0.50004,-0.065354,3.7331e+06,3.9669e+06,8055.3
2.87,0.49937,-0.068491,3.7392e+06,3.9608e+06,8289.5
2.88,0.49867,-0.070556,3.7363e+06,3.9637e+06,8534.3
2.89,0.49796,-0.07152,3.7243e+06,3.9757e+06,8786.2
2.9,0.49725,-0.071369,3.7035e+06,3.9965e+06,9041.4
2.91,0.49654,-0.070107,3.6742e+06,4.0258e+06,9295.9
2.92,0.49585,-0.067755,3.6369e+06,4.0631e+06,9545.7
2.93,0.49519,-0.064351,3.5922e+06,4.1078e+06,9786.6
2.94,0.49456,-0.05995,3.5408e+06,4.1592e+06,10015
2.95,0.49399,-0.054624,3.4836e+06,4.2165e+06,10226
2.96,0.49347,-0.048458,3.4216e+06,4.2785e+06,10416
2.97,0.49302,-0.041551,3.3557e+06,4.3444e+06,10582
2.98,0.49265,-0.034016,3.287e+06,4.4131e+06,10721
2.99,0.49235,-0.025975,3.2168e+06,4.4833e+06,10829
3,0.49213,-0.017557,3.1462e+06,4.5539e+06,10906
3.01,0.492,-0.0088999,3.0763e+06,4.6238e+06,10948
3.02,0.49195,-0.00014203,3.0083e+06,4.6918e+06,10957
3.03,0.49199,0.0085764,2.9432e+06,4.7569e+06,10931
3.04,0.49212,0.017118,2.882e+06,4.8181e+06,10873
3.05,0.49233,0.025348,2.8257e+06,4.8744e+06,10782
3.06,0.49263,0.03314,2.775e+06,4.9251e+06,10662
3.07,0.49299,0.040376,2.7307e+06,4.9694e+06,10514
3.08,0.49343,0.046948,2.6933e+06,5.0067e+06,10343
3.09,0.49393,0.052758,2.6634e+06,5.0366e+06,10150
3.1,0.49448,0.057723,2.6413e+06,5.0587e+06,9940.3
3.11,0.49508,0.061771,2.6274e+06,5.0726e+06,9716.7
3.12,0.49572,0.064843,2.6218e+06,5.0782e+06,9482.6
3.13,0.49638,0.066896,2.6245e+06,5.0755e+06,9241.7
3.14,0.49705,0.0679,2.6356e+06,5.0644e+06,8997.4
3.15,0.49773,0.067837,2.6548e+06,5.0451e+06,8753.1
3.16,0.4984,0.066707,2.6821e+06,5.0179e+06,8512.1
3.17,0.49906,0.064523,2.7169e+06,4.9831e+06,8277.6
3.18,0.49969,0.061311,2.7589e+06,4.9411e+06,8052.8
3.19,0.50028,0.057115,2.8075e+06,4.8925e+06,7840.7
3.2,0.50083,0.051992,2.862e+06,4.838e+06,7644.5
3.21,0.50132,0.046016,2.9216e+06,4.7784e+06,7467.1
3.22,0.50175,0.039273,2.9855e+06,4.7145e+06,7311.2
3.23,0.5021,0.031864,3.0526e+06,4.6474e+06,7179.3
3.24,0.50238,0.023904,3.122e+06,4.578e+06,7073.7
3.25,0.50258,0.015517,3.1925e+06,4.5076e+06,6996.3
3.26,0.50269,0.006837,3.2629e+06,4.4371e+06,6948.6
3.27,0.50272,-0.0019952,3.3322e+06,4.3679e+06,6931.6
3.28,0.50265,-0.010835,3.3991e+06,4.301e+06,6945.8
3.29,0.5025,-0.019538,3.4625e+06,4.2375e+06,6991.2
3.3,0.50226,-0.02796,3.5215e+06,4.1786e+06,7067
3.31,0.50194,-0.035962,3.5749e+06,4.1251e+06,7172.3
3.32,0.50155,-0.043413,3.622e+06,4.078e+06,7305.4
3.33,0.50108,-0.050192,3.6619e+06,4.0381e+06,7464.2
3.34,0.50054,-0.05619,3.694e+06,4.006e+06,7646.5
3.35,0.49996,-0.061311,3.7178e+06,3.9822e+06,7849.3
3.36,0.49932,-0.065474,3.7329e+06,3.9671e+06,8069.6
3.37,0.49865,-0.068614,3.739e+06,3.961e+06,8304.3
3.38,0.49795,-0.070685,3.7361e+06,3.9639e+06,8549.7
3.39,0.49724,-0.071654,3.7241e+06,3.9759e+06,8802.3
3.4,0.49652,-0.071509,3.7033e+06,3.9967e+06,9058.2
3.41,0.49581,-0.070253,3.674e+06,4.026e+06,9313.4
3.42,0.49512,-0.067907,3.6367e+06,4.0633e+06,9564
3.43,0.49446,-0.06451,3.592e+06,4.1081e+06,9805.8
3.44,0.49383,-0.060117,3.5406e+06,4.1595e+06,10035
3.45,0.49326,-0.054798,3.4834e+06,4.2167e+06,10247
3.46,0.49274,-0.048639,3.4213e+06,4.2788e+06,10438
3.47,0.49229,-0.041739,3.3554e+06,4.3447e+06,10605
3.48,0.49191,-0.034211,3.2867e+06,4.4134e+06,10744
3.49,0.49161,-0.026176,3.2165e+06,4.4836e+06,10853
3.5,0.49139,-0.017765,3.1459e+06,4.5542e+06,10931
3.51,0.49125,-0.0091129,3.076e+06,4.6241e+06,10974
3.52,0.4912,-0.00035964,3.008e+06,4.6921e+06,10983
3.53,0.49124,0.008355,2.9429e+06,4.7572e+06,10958
3.54,0.49137,0.016893,2.8817e+06,4.8184e+06,10899
3.55,0.49158,0.025121,2.8254e+06,4.8747e+06,10809
3.56,0.49187,0.032913,2.7747e+06,4.9254e+06,10689
3.57,0.49224,0.040149,2.7303e+06,4.9697e+06,10541
3.58,0.49267,0.046722,2.693e+06,5.0071e+06,10369
3.59,0.49317,0.052534,2.6631e+06,5.037e+06,10177
3.6,0.49372,0.057501,2.641e+06,5.059e+06,9966.7
3.61,0.49432,0.061552,2.6271e+06,5.0729e+06,9742.6
3.62,0.49495,0.064629,2.6215e+06,5.0785e+06,9508.1
3.63,0.49561,0.066687,2.6242e+06,5.0758e+06,9266.6
3.64,0.49628,0.067695,2.6353e+06,5.0647e+06,9021.7
3.65,0.49696,0.067638,2.6546e+06,5.0454e+06,8776.8
3.66,0.49763,0.066514,2.6818e+06,5.0182e+06,8535.1
3.67,0.49828,0.064335,2.7167e+06,4.9833e+06,8299.9
3.68,0.49891,0.061129,2.7587e+06,4.9413e+06,8074.4
3.69,0.4995,0.056939,2.8073e+06,4.8927e+06,7861.7
3.7,0.50005,0.051822,2.8618e+06,4.8382e+06,7664.9
3.71,0.50054,0.04585,2.9214e+06,4.7786e+06,7486.9
3.72,0.50096,0.039112,2.9853e+06,4.7147e+06,7330.3
3.73,0.50132,0.031708,3.0524e+06,4.6476e+06,7197.9
3.74,0.50159,0.023751,3.1218e+06,4.5782e+06,7091.9
3.75,0.50179,0.015368,3.1922e+06,4.5078e+06,7014.2
3.76,0.5019,0.0066901,3.2627e+06,4.4373e+06,6966.2
3.77,0.50192,-0.0021406,3.3319e+06,4.3681e+06,6949.1
3.78,0.50186,-0.01098,3.3988e+06,4.3012e+06,6963.2
3.79,0.5017,-0.019683,3.4623e+06,4.2377e+06,7008.5
3.8,0.50146,-0.028106,3.5212e+06,4.1788e+06,7084.5
3.81,0.50114,-0.03611,3.5747e+06,4.1253e+06,7190.1
3.82,0.50074,-0.043564,3.6218e+06,4.0782e+06,7323.5
3.83,0.50027,-0.050348,3.6617e+06,4.0383e+06,7482.9
3.84,0.49974,-0.056351,3.6938e+06,4.0062e+06,7665.8
3.85,0.49915,-0.061478,3.7176e+06,3.9824e+06,7869.4
3.86,0.49851,-0.065648,3.7326e+06,3.9674e+06,8090.6
3.87,0.49784,-0.068797,3.7387e+06,3.9613e+06,8326.3
3.88,0.49714,-0.070877,3.7358e+06,3.9642e+06,8572.8
3.89,0.49643,-0.071856,3.7238e+06,3.9762e+06,8826.6
3.9,0.49571,-0.071722,3.703e+06,3.997e+06,9083.8
3.91,0.495,-0.070477,3.6737e+06,4.0264e+06,9340.4
3.92,0.4943,-0.068144,3.6363e+06,4.0637e+06,9592.4
3.93,0.49364,-0.064759,3.5916e+06,4.1085e+06,9835.6
3.94,0.49301,-0.060378,3.5402e+06,4.1599e+06,10066
3.95,0.49243,-0.055071,3.4829e+06,4.2171e+06,10279
3.96,0.49191,-0.048924,3.4208e+06,4.2793e+06,10472
3.97,0.49146,-0.042036,3.3549e+06,4.3452e+06,10640
3.98,0.49107,-0.034518,3.2863e+06,4.4138e+06,10781
3.99,0.49077,-0.026493,3.2161e+06,4.4841e+06,10891
4,0.49054,-0.01809,3.1454e+06,4.5547e+06,10969
4.01,0.49041,-0.0094449,3.0755e+06,4.6246e+06,11014
4.02,0.49036,-0.00069722,3.0075e+06,4.6927e+06,11023
4.03,0.49039,0.0080136,2.9424e+06,4.7578e+06,10999
4.04,0.49052,0.01655,2.8812e+06,4.8189e+06,10940
4.05,0.49072,0.024778,2.8249e+06,4.8753e+06,10850
4.06,0.49101,0.03257,2.7742e+06,4.9259e+06,10729
4.07,0.49137,0.03981,2.7298e+06,4.9702e+06,10582
4.08,0.4918,0.046387,2.6925e+06,5.0076e+06,10409
4.09,0.4923,0.052206,2.6626e+06,5.0374e+06,10216
4.1,0.49284,0.057181,2.6406e+06,5.0595e+06,10005
4.11,0.49344,0.061241,2.6266e+06,5.0734e+06,9779.6
4.12,0.49407,0.064327,2.621e+06,5.079e+06,9543.9
4.13,0.49472,0.066395,2.6238e+06,5.0762e+06,9301.2
4.14,0.49539,0.067415,2.6349e+06,5.0651e+06,9055
4.15,0.49607,0.067369,2.6542e+06,5.0458e+06,8808.8
4.16,0.49673,0.066256,2.6814e+06,5.0186e+06,8565.7
4.17,0.49739,0.064088,2.7163e+06,4.9837e+06,8329.2
4.18,0.49801,0.060893,2.7583e+06,4.9417e+06,8102.5
4.19,0.4986,0.056713,2.8069e+06,4.8931e+06,7888.6
4.2,0.49914,0.051606,2.8614e+06,4.8385e+06,7690.6
4.21,0.49963,0.045644,2.9211e+06,4.7789e+06,7511.5
4.22,0.50005,0.038914,2.985e+06,4.715e+06,7354
4.23,0.50041,0.031517,3.0521e+06,4.6479e+06,7220.8
4.24,0.50068,0.023567,3.1215e+06,4.5785e+06,7114
4.25,0.50088,0.015188,3.192e+06,4.508e+06,7035.7
4.26,0.50099,0.0065144,3.2624e+06,4.4376e+06,6987.3
4.27,0.50101,-0.0023134,3.3317e+06,4.3683e+06,6969.8
4.28,0.50094,-0.011151,3.3986e+06,4.3014e+06,6983.7
4.29,0.50078,-0.019854,3.462e+06,4.238e+06,7029
4.3,0.50054,-0.028277,3.521e+06,4.179e+06,7105.1
4.31,0.50022,-0.036283,3.5744e+06,4.1256e+06,7210.9
4.32,0.49982,-0.04374,3.6215e+06,4.0785e+06,7344.7
4.33,0.49935,-0.050528,3.6614e+06,4.0386e+06,7504.5
4.34,0.49881,-0.056535,3.6935e+06,4.0065e+06,7688
4.35,0.49822,-0.061668,3.7173e+06,3.9827e+06,7892.2
4.36,0.49758,-0.065845,3.7323e+06,3.9677e+06,8114.3
4.37,0.49691,-0.069002,3.7384e+06,3.9616e+06,8350.8
4.38,0.4962,-0.071089,3.7354e+06,3.9646e+06,8598.3
4.39,0.49549,-0.072077,3.7234e+06,3.9766e+06,8853.1
4.4,0.49477,-0.071952,3.7026e+06,3.9974e+06,9111.4
4.41,0.49405,-0.070717,3.6733e+06,4.0267e+06,9369.1
4.42,0.49336,-0.068392,3.6359e+06,4.0641e+06,9622.2
4.43,0.49269,-0.065017,3.5912e+06,4.1089e+06,9866.6
4.44,0.49206,-0.060645,3.5398e+06,4.1603e+06,10098
4.45,0.49148,-0.055347,3.4825e+06,4.2176e+06,10313
4.46,0.49096,-0.049209,3.4204e+06,4.2797e+06,10506
4.47,0.4905,-0.042329,3.3545e+06,4.3457e+06,10675
4.48,0.49011,-0.034818,3.2858e+06,4.4143e+06,10817
4.49,0.4898,-0.026799,3.2156e+06,4.4846e+06,10928
4.5,0.48958,-0.018401,3.145e+06,4.5552e+06,11007
4.51,0.48943,-0.0097605,3.0751e+06,4.6251e+06,11051
4.52,0.48938,-0.0010153,3.007e+06,4.6931e+06,11061
4.53,0.48941,0.0076944,2.9419e+06,4.7582e+06,11037
4.54,0.48953,0.016231,2.8807e+06,4.8194e+06,10978
4.55,0.48974,0.024461,2.8244e+06,4.8757e+06,10888
4.56,0.49002,0.032257,2.7737e+06,4.9264e+06,10767
4.57,0.49038,0.039501,2.7294e+06,4.9707e+06,10618
4.58,0.49081,0.046084,2.692e+06,5.008e+06,10445
4.59,0.4913,0.051909,2.6622e+06,5.0379e+06,10251
4.6,0.49185,0.056892,2.6401e+06,5.0599e+06,10039
4.61,0.49244,0.060961,2.6262e+06,5.0738e+06,9812.9
4.62,0.49306,0.064056,2.6206e+06,5.0794e+06,9576.1
4.63,0.49371,0.066133,2.6234e+06,5.0766e+06,9332.3
4.64,0.49438,0.067162,2.6345e+06,5.0655e+06,9085
4.65,0.49505,0.067126,2.6538e+06,5.0462e+06,8837.6
4.66,0.49572,0.066023,2.6811e+06,5.0189e+06,8593.5
4.67,0.49637,0.063864,2.716e+06,4.984e+06,8355.9
4.68,0.49699,0.060678,2.758e+06,4.942e+06,8128.1
4.69,0.49758,0.056507,2.8066e+06,4.8934e+06,7913.2
4.7,0.49812,0.051407,2.8611e+06,4.8388e+06,7714.3
4.71,0.49861,0.045452,2.9208e+06,4.7792e+06,7534.4
4.72,0.49903,0.038729,2.9847e+06,4.7153e+06,7376.1
4.73,0.49938,0.031337,3.0518e+06,4.6481e+06,7242.2
4.74,0.49965,0.023392,3.1212e+06,4.5788e+06,7134.9
4.75,0.49984,0.015017,3.1917e+06,4.5083e+06,7056.1
4.76,0.49995,0.0063469,3.2621e+06,4.4378e+06,7007.3
4.77,0.49997,-0.0024788,3.3314e+06,4.3686e+06,6989.6
4.78,0.4999,-0.011315,3.3983e+06,4.3017e+06,7003.4
4.79,0.49974,-0.020018,3.4618e+06,4.2382e+06,7048.7
4.8,0.4995,-0.028442,3.5207e+06,4.1793e+06,7124.9
4.81,0.49918,-0.03645,3.5742e+06,4.1258e+06,7230.9
4.82,0.49877,-0.04391,3.6212e+06,4.0788e+06,7365
4.83,0.4983,-0.050701,3.6611e+06,4.0389e+06,7525.4
4.84,0.49776,-0.056714,3.6932e+06,4.0068e+06,7709.4
4.85,0.49717,-0.061853,3.717e+06,3.983e+06,7914.4
4.86,0.49653,-0.066036,3.732e+06,3.968e+06,8137.3
4.87,0.49585,-0.069201,3.7381e+06,3.9619e+06,8374.7
4.88,0.49515,-0.071297,3.7351e+06,3.9649e+06,8623.3
4.89,0.49443,-0.072295,3.7231e+06,3.9769e+06,8879.3
4.9,0.49371,-0.07218,3.7023e+06,3.9978e+06,9138.8
4.91,0.49299,-0.070956,3.6729e+06,4.0271e+06,9397.9
4.92,0.49229,-0.068643,3.6356e+06,4.0645e+06,9652.4
4.93,0.49162,-0.06528,3.5908e+06,4.1093e+06,9898.2
4.94,0.49099,-0.060921,3.5394e+06,4.1607e+06,10131
4.95,0.49041,-0.055636,3.4821e+06,4.218e+06,10347
4.96,0.48988,-0.04951,3.42e+06,4.2802e+06,10542
4.97,0.48942,-0.042642,3.354e+06,4.3461e+06,10713
4.98,0.48903,-0.035144,3.2853e+06,4.4148e+06,10856
4.99,0.48872,-0.027136,3.2151e+06,4.4851e+06,10968
5,0.48849,-0.018748,3.1444e+06,4.5557e+06,11048
5.01,0.48834,-0.010116,3.0745e+06,4.6256e+06,11094
5.02,0.48829,-0.0013783,3.0065e+06,4.6937e+06,11105
5.03,0.48831,0.0073254,2.9414e+06,4.7588e+06,11081
5.04,0.48843,0.015858,2.8802e+06,4.82e+06,11023
5.05,0.48863,0.024085,2.8238e+06,4.8763e+06,10932
5.06,0.48891,0.03188,2.7732e+06,4.9269e+06,10812
5.07,0.48927,0.039125,2.7289e+06,4.9712e+06,10663
5.08,0.48969,0.045711,2.6915e+06,5.0086e+06,10490
5.09,0.49018,0.05154,2.6616e+06,5.0384e+06,10295
5.1,0.49072,0.056529,2.6396e+06,5.0604e+06,10082
5.11,0.49131,0.060604,2.6257e+06,5.0743e+06,9855.2
5.12,0.49193,0.063707,2.6201e+06,5.0799e+06,9617.5
5.13,0.49258,0.065794,2.6229e+06,5.0771e+06,9372.6
5.14,0.49324,0.066833,2.634e+06,5.0659e+06,9124.2
5.15,0.49391,0.066807,2.6533e+06,5.0466e+06,8875.6
5.16,0.49457,0.065714,2.6806e+06,5.0193e+06,8630.2
5.17,0.49522,0.063566,2.7155e+06,4.9844e+06,8391.4
5.18,0.49584,0.06039,2.7576e+06,4.9424e+06,8162.3
5.19,0.49643,0.056229,2.8062e+06,4.8938e+06,7946.3
5.2,0.49696,0.05114,2.8607e+06,4.8392e+06,7746.2
5.21,0.49745,0.045194,2.9204e+06,4.7796e+06,7565.2
5.22,0.49786,0.038479,2.9843e+06,4.7157e+06,7406
5.23,0.49821,0.031095,3.0515e+06,4.6485e+06,7271.2
5.24,0.49848,0.023156,3.1208e+06,4.5791e+06,7163.1
5.25,0.49867,0.014787,3.1913e+06,4.5086e+06,7083.7
5.26,0.49878,0.0061211,3.2618e+06,4.4382e+06,7034.4
5.27,0.4988,-0.0027016,3.3311e+06,4.3689e+06,7016.3
5.28,0.49872,-0.011537,3.398e+06,4.302e+06,7030
5.29,0.49857,-0.020239,3.4614e+06,4.2386e+06,7075.3
5.3,0.49832,-0.028665,3.5204e+06,4.1796e+06,7151.6
5.31,0.49799,-0.036676,3.5738e+06,4.1262e+06,7258
5.32,0.49759,-0.04414,3.6209e+06,4.0791e+06,7392.7
5.33,0.49711,-0.050938,3.6608e+06,4.0392e+06,7553.8
5.34,0.49657,-0.056958,3.6928e+06,4.0071e+06,7738.7
5.35,0.49598,-0.062106,3.7166e+06,3.9834e+06,7944.8
5.36,0.49533,-0.066301,3.7316e+06,3.9684e+06,8169
5.37,0.49465,-0.069477,3.7377e+06,3.9623e+06,8407.9
5.38,0.49395,-0.071587,3.7347e+06,3.9653e+06,8658.1
5.39,0.49323,-0.072599,3.7226e+06,3.9774e+06,8915.8
5.4,0.4925,-0.072499,3.7018e+06,3.9983e+06,9177.2
5.41,0.49178,-0.071291,3.6724e+06,4.0276e+06,9438.2
5.42,0.49108,-0.068996,3.635e+06,4.065e+06,9694.7
5.43,0.4904,-0.06565,3.5902e+06,4.1099e+06,9942.6
5.44,0.48977,-0.061308,3.5388e+06,4.1614e+06,10178
5.45,0.48918,-0.05604,3.4815e+06,4.2187e+06,10396
5.46,0.48865,-0.049931,3.4193e+06,4.2808e+06,10593
5.47,0.48818,-0.043079,3.3533e+06,4.3468e+06,10765
5.48,0.48779,-0.035595,3.2847e+06,4.4155e+06,10910
5.49,0.48747,-0.0276,3.2144e+06,4.4858e+06,11024
5.5,0.48724,-0.019224,3.1437e+06,4.5565e+06,11105
5.51,0.48709,-0.010601,3.0738e+06,4.6264e+06,11152
5.52,0.48703,-0.001871,3.0057e+06,4.6944e+06,11164
5.53,0.48705,0.0068279,2.9406e+06,4.7595e+06,11140
5.54,0.48716,0.015358,2.8794e+06,4.8207e+06,11082
5.55,0.48736,0.023585,2.8231e+06,4.877e+06,10992
5.56,0.48763,0.031383,2.7724e+06,4.9277e+06,10871
5.57,0.48798,0.038633,2.7281e+06,4.972e+06,10721
5.58,0.4884,0.045227,2.6908e+06,5.0093e+06,10547
5.59,0.48889,0.051066,2.661e+06,5.0391e+06,10351
5.6,0.48942,0.056066,2.639e+06,5.0611e+06,10137
5.61,0.49001,0.060154,2.6251e+06,5.0749e+06,9908.6
5.62,0.49062,0.063272,2.6195e+06,5.0805e+06,9669.2
5.63,0.49127,0.065374,2.6223e+06,5.0777e+06,9422.5
5.64,0.49193,0.066429,2.6334e+06,5.0665e+06,9172.2
5.65,0.49259,0.066419,2.6528e+06,5.0472e+06,8921.6
5.66,0.49325,0.065342,2.6801e+06,5.0199e+06,8674.4
5.67,0.4939,0.063211,2.715e+06,4.985e+06,8433.6
5.68,0.49451,0.060051,2.7571e+06,4.9429e+06,8202.8
5.69,0.49509,0.055905,2.8057e+06,4.8942e+06,7985
5.7,0.49563,0.050829,2.8603e+06,4.8397e+06,7783.3
5.71,0.49611,0.044896,2.9199e+06,4.78e+06,7600.7
5.72,0.49652,0.038193,2.9839e+06,4.7161e+06,7440.2
5.73,0.49687,0.030819,3.051e+06,4.6489e+06,7304.2
5.74,0.49714,0.02289,3.1204e+06,4.5795e+06,7195.1
5.75,0.49733,0.014528,3.1909e+06,4.509e+06,7114.8
5.76,0.49743,0.0058672,3.2614e+06,4.4386e+06,7064.8
5.77,0.49744,-0.0029515,3.3307e+06,4.3693e+06,7046.3
5.78,0.49737,-0.011784,3.3976e+06,4.3024e+06,7059.6
5.79,0.49721,-0.020486,3.461e+06,4.2389e+06,7104.9
5.8,0.49696,-0.028912,3.52e+06,4.18e+06,7181.4
5.81,0.49663,-0.036926,3.5734e+06,4.1266e+06,7288
5.82,0.49622,-0.044395,3.6205e+06,4.0795e+06,7423.3
5.83,0.49574,-0.051198,3.6603e+06,4.0396e+06,7585
5.84,0.4952,-0.057225,3.6924e+06,4.0075e+06,7770.8
5.85,0.4946,-0.062382,3.7162e+06,3.9838e+06,7978
5.86,0.49396,-0.066586,3.7312e+06,3.9688e+06,8203.3
5.87,0.49327,-0.069774,3.7372e+06,3.9628e+06,8443.6
5.88,0.49256,-0.071896,3.7342e+06,3.9658e+06,8695.2
5.89,0.49184,-0.072921,3.7221e+06,3.9779e+06,8954.5
5.9,0.49111,-0.072836,3.7013e+06,3.9988e+06,9217.5
5.91,0.49039,-0.071642,3.6719e+06,4.0282e+06,9480.3
5.92,0.48968,-0.069362,3.6345e+06,4.0656e+06,9738.6
5.93,0.489,-0.066031,3.5896e+06,4.1104e+06,9988.4
5.94,0.48836,-0.061704,3.5382e+06,4.162e+06,10225
5.95,0.48777,-0.056451,3.4808e+06,4.2193e+06,10445
5.96,0.48724,-0.050357,3.4187e+06,4.2815e+06,10644
5.97,0.48677,-0.043519,3.3527e+06,4.3475e+06,10818
5.98,0.48637,-0.036047,3.284e+06,4.4162e+06,10964
5.99,0.48605,-0.028064,3.2137e+06,4.4865e+06,11080
6,0.48581,-0.019698,3.143e+06,4.5572e+06,11162
6.01,0.48566,-0.011083,3.0731e+06,4.6271e+06,11210
6.02,0.48559,-0.0023584,3.005e+06,4.6952e+06,11222
6.03,0.48561,0.0063367,2.9399e+06,4.7603e+06,11199
6.04,0.48571,0.014865,2.8787e+06,4.8215e+06,11141
6.05,0.4859,0.023093,2.8224e+06,4.8778e+06,11051
6.06,0.48617,0.030894,2.7717e+06,4.9284e+06,10929
6.07,0.48652,0.038149,2.7274e+06,4.9727e+06,10779
6.08,0.48694,0.04475,2.6901e+06,5.01e+06,10604
6.09,0.48741,0.050598,2.6603e+06,5.0398e+06,10407
6.1,0.48794,0.055609,2.6383e+06,5.0617e+06,10191
6.11,0.48852,0.059709,2.6244e+06,5.0756e+06,9961.4
6.12,0.48914,0.06284,2.6189e+06,5.0811e+06,9720.5
6.13,0.48978,0.064956,2.6217e+06,5.0783e+06,9472.1
6.14,0.49043,0.066025,2.6329e+06,5.0671e+06,9220.1
6.15,0.49109,0.06603,2.6522e+06,5.0477e+06,8967.9
6.16,0.49175,0.064968,2.6795e+06,5.0204e+06,8718.9
6.17,0.49239,0.062851,2.7145e+06,4.9855e+06,8476.5
6.18,0.493,0.059705,2.7565e+06,4.9434e+06,8244
6.19,0.49358,0.055572,2.8052e+06,4.8947e+06,8024.6
6.2,0.49411,0.050509,2.8598e+06,4.8401e+06,7821.4
6.21,0.49459,0.044588,2.9195e+06,4.7804e+06,7637.5
6.22,0.495,0.037895,2.9834e+06,4.7165e+06,7475.7
6.23,0.49534,0.030531,3.0506e+06,4.6493e+06,7338.7
6.24,0.49561,0.022609,3.12e+06,4.5799e+06,7228.6
6.25,0.49579,0.014254,3.1905e+06,4.5094e+06,7147.5
6.26,0.49589,0.0055987,3.261e+06,4.439e+06,7097
6.27,0.4959,-0.0032164,3.3302e+06,4.3697e+06,7078.1
6.28,0.49583,-0.012047,3.3972e+06,4.3028e+06,7091.2
6.29,0.49566,-0.020748,3.4606e+06,4.2393e+06,7136.4
6.3,0.49541,-0.029177,3.5196e+06,4.1804e+06,7213.1
6.31,0.49508,-0.037193,3.573e+06,4.127e+06,7320.1
6.32,0.49467,-0.044667,3.62e+06,4.0799e+06,7456
6.33,0.49419,-0.051477,3.6599e+06,4.04e+06,7618.5
6.34,0.49364,-0.057513,3.692e+06,4.008e+06,7805.4
6.35,0.49304,-0.06268,3.7157e+06,3.9843e+06,8013.7
6.36,0.49239,-0.066896,3.7307e+06,3.9693e+06,8240.5
6.37,0.49171,-0.070097,3.7367e+06,3.9633e+06,8482.4
6.38,0.491,-0.072234,3.7337e+06,3.9663e+06,8735.8
6.39,0.49027,-0.073276,3.7216e+06,3.9784e+06,8997.1
6.4,0.48953,-0.073208,3.7007e+06,3.9994e+06,9262.3
6.41,0.48881,-0.072034,3.6713e+06,4.0288e+06,9527.4
6.42,0.4881,-0.069773,3.6338e+06,4.0663e+06,9788.1
6.43,0.48741,-0.066464,3.589e+06,4.1111e+06,10040
6.44,0.48677,-0.062158,3.5375e+06,4.1627e+06,10280
6.45,0.48617,-0.056927,3.4801e+06,4.22e+06,10502
6.46,0.48564,-0.050853,3.4179e+06,4.2823e+06,10704
6.47,0.48516,-0.044035,3.3519e+06,4.3483e+06,10880
6.48,0.48476,-0.036584,3.2832e+06,4.417e+06,11029
6.49,0.48443,-0.028619,3.2129e+06,4.4874e+06,11146
6.5,0.48419,-0.020268,3.1422e+06,4.5581e+06,11230
6.51,0.48403,-0.011668,3.0722e+06,4.628e+06,11280
6.52,0.48395,-0.0029555,3.0041e+06,4.6961e+06,11293
6.53,0.48397,0.0057304,2.939e+06,4.7612e+06,11271
6.54,0.48407,0.014252,2.8778e+06,4.8224e+06,11214
6.55,0.48425,0.022477,2.8215e+06,4.8787e+06,11124
6.56,0.48451,0.030278,2.7708e+06,4.9293e+06,11002
6.57,0.48485,0.037536,2.7266e+06,4.9736e+06,10852
6.58,0.48526,0.044142,2.6893e+06,5.0108e+06,10676
6.59,0.48573,0.049999,2.6594e+06,5.0406e+06,10478
6.6,0.48626,0.05502,2.6375e+06,5.0626e+06,10261
6.61,0.48683,0.059133,2.6236e+06,5.0764e+06,10030
6.62,0.48744,0.062279,2.6181e+06,5.0819e+06,9787.1
6.63,0.48807,0.064411,2.6209e+06,5.0791e+06,9536.9
6.64,0.48872,0.065497,2.6321e+06,5.0679e+06,9282.8
6.65,0.48938,0.06552,2.6515e+06,5.0485e+06,9028.4
6.66,0.49003,0.064477,2.6788e+06,5.0211e+06,8777.3
6.67,0.49067,0.062378,2.7138e+06,4.9862e+06,8532.7
6.68,0.49128,0.05925,2.7559e+06,4.944e+06,8298.1
6.69,0.49185,0.055135,2.8046e+06,4.8953e+06,8076.6
6.7,0.49238,0.050089,2.8592e+06,4.8408e+06,7871.5
6.71,0.49285,0.044184,2.9189e+06,4.781e+06,7685.8
6.72,0.49326,0.037505,2.9828e+06,4.7171e+06,7522.3
6.73,0.4936,0.030155,3.05e+06,4.6499e+06,7383.7
6.74,0.49386,0.022244,3.1194e+06,4.5805e+06,7272.3
6.75,0.49404,0.013898,3.19e+06,4.51e+06,7190.2
6.76,0.49413,0.0052501,3.2604e+06,4.4395e+06,7138.8
6.77,0.49414,-0.0035598,3.3297e+06,4.3702e+06,7119.2
6.78,0.49406,-0.012388,3.3966e+06,4.3033e+06,7132
6.79,0.4939,-0.021088,3.4601e+06,4.2398e+06,7177.2
6.8,0.49364,-0.029518,3.519e+06,4.1809e+06,7254.1
6.81,0.49331,-0.037539,3.5724e+06,4.1275e+06,7361.7
6.82,0.49289,-0.04502,3.6195e+06,4.0805e+06,7498.3
6.83,0.49241,-0.051839,3.6593e+06,4.0406e+06,7662
6.84,0.49186,-0.057886,3.6914e+06,4.0086e+06,7850.2
6.85,0.49125,-0.063067,3.7151e+06,3.9849e+06,8060.2
6.86,0.4906,-0.067299,3.7301e+06,3.9699e+06,8288.9
6.87,0.48991,-0.070518,3.7361e+06,3.9639e+06,8533
6.88,0.48919,-0.072675,3.733e+06,3.967e+06,8788.8
6.89,0.48846,-0.073739,3.7209e+06,3.9792e+06,9052.7
6.9,0.48772,-0.073694,3.6999e+06,4.0001e+06,9320.7
6.91,0.48699,-0.072545,3.6705e+06,4.0296e+06,9588.7
6.92,0.48628,-0.070309,3.633e+06,4.0671e+06,9852.4
6.93,0.48559,-0.067025,3.5881e+06,4.112e+06,10108
6.94,0.48494,-0.062746,3.5366e+06,4.1636e+06,10350
6.95,0.48434,-0.05754,3.4792e+06,4.221e+06,10576
6.96,0.48379,-0.051492,3.417e+06,4.2833e+06,10780
6.97,0.48331,-0.044698,3.3509e+06,4.3493e+06,10960
6.98,0.4829,-0.037269,3.2821e+06,4.4181e+06,11111
6.99,0.48257,-0.029323,3.2118e+06,4.4884e+06,11230
7,0.48231,-0.020991,3.1411e+06,4.5592e+06,11317
7.01,0.48215,-0.012405,3.0711e+06,4.6291e+06,11368
7.02,0.48207,-0.0037037,3.003e+06,4.6972e+06,11383
7.03,0.48207,0.0049746,2.9379e+06,4.7623e+06,11361
7.04,0.48216,0.013493,2.8767e+06,4.8235e+06,11305
7.05,0.48234,0.021718,2.8204e+06,4.8798e+06,11215
7.06,0.4826,0.029522,2.7697e+06,4.9304e+06,11092
7.07,0.48293,0.036788,2.7255e+06,4.9747e+06,10941
7.08,0.48333,0.043405,2.6882e+06,5.0119e+06,10764
7.09,0.4838,0.049276,2.6584e+06,5.0417e+06,10564
7.1,0.48431,0.054315,2.6364e+06,5.0636e+06,10345
7.11,0.48488,0.058448,2.6226e+06,5.0774e+06,10111
7.12,0.48548,0.061615,2.6171e+06,5.0829e+06,9865.9
7.13,0.48611,0.06377,2.62e+06,5.08e+06,9613
7.14,0.48675,0.06488,2.6312e+06,5.0688e+06,9356
7.15,0.4874,0.064928,2.6506e+06,5.0493e+06,9098.8
7.16,0.48805,0.063909,2.678e+06,5.0219e+06,8844.7
7.17,0.48868,0.061835,2.713e+06,4.9869e+06,8597.3
7.18,0.48928,0.058731,2.7551e+06,4.9448e+06,8359.9
7.19,0.48985,0.054639,2.8038e+06,4.8961e+06,8135.8
7.2,0.49037,0.049614,2.8584e+06,4.8414e+06,7928.2
7.21,0.49084,0.043728,2.9182e+06,4.7817e+06,7740.1
7.22,0.49124,0.037068,2.9821e+06,4.7177e+06,7574.5
7.23,0.49158,0.029733,3.0494e+06,4.6505e+06,7434.1
7.24,0.49183,0.021836,3.1188e+06,4.5811e+06,7321.1
7.25,0.49201,0.013501,3.1893e+06,4.5105e+06,7237.7
7.26,0.4921,0.0048621,3.2598e+06,4.4401e+06,7185.3
7.27,0.49211,-0.0039416,3.3291e+06,4.3708e+06,7165
7.28,0.49202,-0.012766,3.396e+06,4.3038e+06,7177.4
7.29,0.49185,-0.021465,3.4595e+06,4.2404e+06,7222.4
7.3,0.4916,-0.029897,3.5184e+06,4.1815e+06,7299.5
7.31,0.49126,-0.037922,3.5718e+06,4.1281e+06,7407.6
7.32,0.49084,-0.045409,3.6189e+06,4.081e+06,7545.1
7.33,0.49035,-0.052237,3.6587e+06,4.0412e+06,7709.8
7.34,0.4898,-0.058296,3.6908e+06,4.0092e+06,7899.5
7.35,0.48919,-0.063491,3.7144e+06,3.9855e+06,8111.1
7.36,0.48853,-0.067739,3.7294e+06,3.9706e+06,8341.8
7.37,0.48784,-0.070976,3.7354e+06,3.9646e+06,8588
7.38,0.48711,-0.073154,3.7322e+06,3.9678e+06,8846.3
7.39,0.48638,-0.074239,3.7201e+06,3.9799e+06,9112.8
7.4,0.48563,-0.074218,3.6991e+06,4.0009e+06,9383.5
7.41,0.4849,-0.073092,3.6696e+06,4.0305e+06,9654.5
7.42,0.48418,-0.070883,3.6321e+06,4.068e+06,9921.3
7.43,0.48348,-0.067625,3.5872e+06,4.1129e+06,10180
7.44,0.48283,-0.063372,3.5356e+06,4.1646e+06,10425
7.45,0.48222,-0.058193,3.4782e+06,4.222e+06,10654
7.46,0.48167,-0.05217,3.4159e+06,4.2843e+06,10862
7.47,0.48118,-0.045401,3.3498e+06,4.3504e+06,11044
7.48,0.48076,-0.037995,3.281e+06,4.4192e+06,11198
7.49,0.48042,-0.030072,3.2107e+06,4.4896e+06,11320
7.5,0.48016,-0.021758,3.1399e+06,4.5603e+06,11408
7.51,0.47998,-0.013188,3.0699e+06,4.6303e+06,11461
7.52,0.4799,-0.0044992,3.0018e+06,4.6984e+06,11478
7.53,0.47989,0.0041701,2.9367e+06,4.7636e+06,11457
7.54,0.47998,0.012683,2.8755e+06,4.8247e+06,11402
7.55,0.48015,0.020907,2.8192e+06,4.881e+06,11311
7.56,0.4804,0.028714,2.7686e+06,4.9316e+06,11189
7.57,0.48072,0.035986,2.7243e+06,4.9759e+06,11036
7.58,0.48111,0.042613,2.687e+06,5.0131e+06,10858
7.59,0.48157,0.048498,2.6573e+06,5.0428e+06,10656
7.6,0.48208,0.053553,2.6353e+06,5.0647e+06,10436
7.61,0.48264,0.057704,2.6216e+06,5.0785e+06,10200
7.62,0.48323,0.060892,2.6161e+06,5.0839e+06,9951.7
7.63,0.48385,0.06307,2.619e+06,5.081e+06,9696.1
7.64,0.48449,0.064204,2.6302e+06,5.0697e+06,9436.3
7.65,0.48513,0.064276,2.6497e+06,5.0503e+06,9176.2
7.66,0.48577,0.063282,2.6771e+06,5.0228e+06,8919.2
7.67,0.48639,0.061233,2.7121e+06,4.9878e+06,8668.9
7.68,0.48699,0.058153,2.7542e+06,4.9456e+06,8428.7
7.69,0.48755,0.054083,2.803e+06,4.8969e+06,8201.9
7.7,0.48807,0.04908,2.8576e+06,4.8422e+06,7991.8
7.71,0.48853,0.043215,2.9174e+06,4.7825e+06,7801.4
7.72,0.48893,0.036573,2.9814e+06,4.7185e+06,7633.6
7.73,0.48926,0.029255,3.0486e+06,4.6512e+06,7491.3
7.74,0.48952,0.021372,3.1181e+06,4.5818e+06,7376.6
7.75,0.48969,0.013049,3.1886e+06,4.5112e+06,7291.8
7.76,0.48978,0.0044195,3.2591e+06,4.4407e+06,7238.3
7.77,0.48978,-0.0043776,3.3284e+06,4.3714e+06,7217.3
7.78,0.48969,-0.013198,3.3954e+06,4.3045e+06,7229.3
7.79,0.48951,-0.021897,3.4588e+06,4.2411e+06,7274.2
7.8,0.48925,-0.030331,3.5177e+06,4.1821e+06,7351.6
7.81,0.48891,-0.038361,3.5712e+06,4.1287e+06,7460.3
7.82,0.48849,-0.045856,3.6182e+06,4.0817e+06,7598.8
7.83,0.48799,-0.052696,3.658e+06,4.0419e+06,7764.9
7.84,0.48743,-0.058769,3.69e+06,4.0099e+06,7956.3
7.85,0.48682,-0.063981,3.7137e+06,3.9863e+06,8170.1
7.86,0.48616,-0.06825,3.7286e+06,3.9714e+06,8403.2
7.87,0.48546,-0.071511,3.7345e+06,3.9655e+06,8652.2
7.88,0.48473,-0.073714,3.7314e+06,3.9686e+06,8913.6
7.89,0.48399,-0.074828,3.7192e+06,3.9809e+06,9183.5
7.9,0.48324,-0.074837,3.6982e+06,4.0019e+06,9458
7.91,0.48249,-0.073745,3.6686e+06,4.0315e+06,9732.8
7.92,0.48177,-0.07157,3.6311e+06,4.0691e+06,10004
7.93,0.48107,-0.068348,3.5861e+06,4.1141e+06,10266
7.94,0.4804,-0.064131,3.5345e+06,4.1658e+06,10517
7.95,0.47979,-0.058988,3.477e+06,4.2233e+06,10750
7.96,0.47923,-0.053002,3.4147e+06,4.2856e+06,10961
7.97,0.47873,-0.046268,3.3485e+06,4.3518e+06,11148
7.98,0.4783,-0.038895,3.2797e+06,4.4206e+06,11306
7.99,0.47795,-0.031002,3.2093e+06,4.491e+06,11431
8,0.47768,-0.022716,3.1385e+06,4.5618e+06,11523
8.01,0.4775,-0.014183,3.0692e+06,4.6311e+06,11570
8.02,0.4774,-0.005594,3.0034e+06,4.6969e+06,11567
8.03,0.47739,0.0028718,2.9419e+06,4.7584e+06,11520
8.04,0.47746,0.011059,2.8854e+06,4.8148e+06,11435
8.05,0.47761,0.018829,2.8349e+06,4.8654e+06,11315
8.06,0.47783,0.026063,2.7907e+06,4.9094e+06,11165
8.07,0.47813,0.032654,2.7535e+06,4.9466e+06,10990
8.08,0.47848,0.038512,2.7236e+06,4.9765e+06,10793
8.09,0.47889,0.043561,2.7012e+06,4.9989e+06,10578
8.1,0.47935,0.047742,2.6865e+06,5.0135e+06,10351
8.11,0.47985,0.051009,2.6795e+06,5.0205e+06,10116
8.12,0.48037,0.053331,2.6801e+06,5.0198e+06,9875.2
8.13,0.48091,0.054693,2.6882e+06,5.0118e+06,9634
8.14,0.48146,0.055093,2.7034e+06,4.9965e+06,9395.8
8.15,0.48201,0.054544,2.7255e+06,4.9744e+06,9164
8.16,0.48255,0.053072,2.7538e+06,4.946e+06,8942
8.17,0.48307,0.050718,2.7881e+06,4.9118e+06,8732.7
8.18,0.48356,0.047534,2.8274e+06,4.8724e+06,8539
8.19,0.48401,0.043586,2.8713e+06,4.8286e+06,8363.6
8.2,0.48443,0.03895,2.9189e+06,4.781e+06,8208.6
8.21,0.48479,0.033713,2.9694e+06,4.7305e+06,8076.1
8.22,0.4851,0.02797,3.0219e+06,4.678e+06,7967.7
8.23,0.48535,0.021826,3.0755e+06,4.6243e+06,7884.7
8.24,0.48554,0.015387,3.1294e+06,4.5704e+06,7828
8.25,0.48566,0.0087679,3.1826e+06,4.5172e+06,7798
8.26,0.48571,0.0020807,3.2343e+06,4.4655e+06,7794.7
8.27,0.4857,-0.0045616,3.2837e+06,4.4162e+06,7817.6
8.28,0.48562,-0.011049,3.3299e+06,4.37e+06,7865.8
8.29,0.48548,-0.017278,3.3722e+06,4.3276e+06,7938
8.3,0.48528,-0.02315,3.4101e+06,4.2898e+06,8032.5
8.31,0.48502,-0.028576,3.4431e+06,4.2568e+06,8147.3
8.32,0.48471,-0.03348,3.4706e+06,4.2294e+06,8280.1
8.33,0.48435,-0.037793,3.4924e+06,4.2076e+06,8428.3
8.34,0.48395,-0.041461,3.5082e+06,4.1918e+06,8589.2
8.35,0.48352,-0.044442,3.518e+06,4.182e+06,8759.9
8.36,0.48307,-0.046708,3.5218e+06,4.1782e+06,8937.5
8.37,0.48259,-0.048243,3.5197e+06,4.1804e+06,9118.8
8.38,0.4821,-0.049044,3.5118e+06,4.1882e+06,9300.9
8.39,0.48161,-0.049122,3.4986e+06,4.2015e+06,9480.8
8.4,0.48112,-0.048497,3.4804e+06,4.2197e+06,9655.5
8.41,0.48064,-0.047204,3.4576e+06,4.2425e+06,9822.3
8.42,0.48018,-0.045286,3.4308e+06,4.2693e+06,9978.6
8.43,0.47974,-0.042795,3.4007e+06,4.2995e+06,10122
8.44,0.47933,-0.039793,3.3677e+06,4.3324e+06,10250
8.45,0.47895,-0.036345,3.3326e+06,4.3675e+06,10361
8.46,0.4786,-0.032526,3.2961e+06,4.404e+06,10454
8.47,0.4783,-0.028412,3.2588e+06,4.4413e+06,10527
8.48,0.47803,-0.024083,3.2215e+06,4.4787e+06,10580
8.49,0.47782,-0.019619,3.1846e+06,4.5155e+06,10612
8.5,0.47764,-0.015099,3.149e+06,4.5512e+06,10624
8.51,0.47751,-0.010603,3.115e+06,4.5851e+06,10616
8.52,0.47743,-0.0062032,3.0833e+06,4.6168e+06,10588
8.53,0.47739,-0.0019714,3.0542e+06,4.6459e+06,10543
8.54,0.47739,0.002028,3.0282e+06,4.6719e+06,10482
8.55,0.47743,0.0057368,3.0055e+06,4.6946e+06,10405
8.56,0.4775,0.0091041,2.9864e+06,4.7137e+06,10317
8.57,0.47761,0.012087,2.9711e+06,4.729e+06,10218
8.58,0.47774,0.01465,2.9596e+06,4.7404e+06,10111
8.59,0.4779,0.016768,2.952e+06,4.7481e+06,9997.8
8.6,0.47808,0.018424,2.9482e+06,4.7518e+06,9881.5
8.61,0.47827,0.019608,2.9481e+06,4.7519e+06,9764
8.62,0.47847,0.020321,2.9516e+06,4.7484e+06,9647.5
8.63,0.47867,0.020572,2.9583e+06,4.7416e+06,9534.1
8.64,0.47888,0.020376,2.9682e+06,4.7318e+06,9425.8
8.65,0.47908,0.019758,2.9807e+06,4.7192e+06,9324.3
8.66,0.47927,0.018748,2.9957e+06,4.7043e+06,9231.2
8.67,0.47945,0.017383,3.0126e+06,4.6874e+06,9147.8
8.68,0.47962,0.015704,3.0311e+06,4.6689e+06,9075.4
8.69,0.47977,0.013758,3.0507e+06,4.6492e+06,9014.8
8.7,0.47989,0.011594,3.071e+06,4.6289e+06,8966.6
8.71,0.48,0.0092637,3.0917e+06,4.6082e+06,8931.2
8.72,0.48008,0.0068192,3.1122e+06,4.5877e+06,8908.7
8.73,0.48013,0.0043136,3.1322e+06,4.5677e+06,8899
8.74,0.48016,0.0017982,3.1514e+06,4.5485e+06,8901.8
8.75,0.48017,-0.00067754,3.1693e+06,4.5306e+06,8916.3
8.76,0.48015,-0.0030672,3.1857e+06,4.5142e+06,8941.8
8.77,0.48011,-0.0053286,3.2004e+06,4.4995e+06,8977.2
8.78,0.48004,-0.0074241,3.2131e+06,4.4868e+06,9021.3
8.79,0.47996,-0.0093217,3.2238e+06,4.4762e+06,9072.9
8.8,0.47986,-0.010995,3.2322e+06,4.4677e+06,9130.3
8.81,0.47974,-0.012425,3.2385e+06,4.4615e+06,9192.2
8.82,0.47961,-0.013597,3.2425e+06,4.4575e+06,9256.9
8.83,0.47947,-0.014505,3.2444e+06,4.4556e+06,9322.9
8.84,0.47932,-0.015149,3.2443e+06,4.4557e+06,9388.6
8.85,0.47917,-0.015535,3.2424e+06,4.4576e+06,9452.6
8.86,0.47901,-0.015674,3.2388e+06,4.4612e+06,9513.3
8.87,0.47886,-0.015584,3.2338e+06,4.4663e+06,9569.6
8.88,0.4787,-0.015288,3.2276e+06,4.4724e+06,9620.3
8.89,0.47855,-0.01481,3.2205e+06,4.4795e+06,9664.5
8.9,0.4784,-0.014182,3.2129e+06,4.4872e+06,9701.3
8.91,0.47827,-0.013434,3.2049e+06,4.4952e+06,9730.2
8.92,0.47814,-0.012602,3.1969e+06,4.5031e+06,9750.8
8.93,0.47801,-0.011719,3.1892e+06,4.5109e+06,9763
8.94,0.4779,-0.01082,3.1819e+06,4.5181e+06,9766.9
8.95,0.4778,-0.0099388,3.1755e+06,4.5245e+06,9762.8
8.96,0.4777,-0.0091077,3.17e+06,4.53e+06,9751.1
8.97,0.47762,-0.0083558,3.1656e+06,4.5344e+06,9732.6
8.98,0.47754,-0.0077092,3.1625e+06,4.5375e+06,9708.1
8.99,0.47746,-0.0071903,3.1608e+06,4.5392e+06,9678.6
9,0.47739,-0.0068171,3.1605e+06,4.5395e+06,9645.3
9.01,0.47732,-0.0065901,3.1608e+06,4.5392e+06,9618
9.02,0.47726,-0.006462,3.161e+06,4.539e+06,9602.7
9.03,0.4772,-0.0063929,3.1611e+06,4.5389e+06,9594.4
9.04,0.47713,-0.0063592,3.1612e+06,4.5388e+06,9590.3
9.05,0.47707,-0.0063467,3.1612e+06,4.5388e+06,9588.8
9.06,0.477,-0.0063469,3.1612e+06,4.5388e+06,9588.8
9.07,0.47694,-0.0063548,3.1612e+06,4.5388e+06,9589.8
9.08,0.47688,-0.0063673,3.1612e+06,4.5388e+06,9591.3
9.09,0.47681,-0.0063827,3.1612e+06,4.5388e+06,9593.1
9.1,0.47675,-0.0063998,3.1611e+06,4.5389e+06,9595.2
9.11,0.47669,-0.006418,3.1611e+06,4.5389e+06,9597.4
9.12,0.47662,-0.0064369,3.1611e+06,4.5389e+06,9599.6
9.13,0.47656,-0.0064564,3.1611e+06,4.5389e+06,9601.9
9.14,0.47649,-0.0064762,3.161e+06,4.539e+06,9604.3
9.15,0.47643,-0.0064962,3.161e+06,4.539e+06,9606.7
9.16,0.47636,-0.0065165,3.161e+06,4.539e+06,9609.1
9.17,0.4763,-0.006537,3.1609e+06,4.5391e+06,9611.6
9.18,0.47623,-0.0065577,3.1609e+06,4.5391e+06,9614.1
9.19,0.47617,-0.0065785,3.1609e+06,4.5391e+06,9616.6
9.2,0.4761,-0.0065995,3.1608e+06,4.5392e+06,9619.1
9.21,0.47603,-0.0066207,3.1608e+06,4.5392e+06,9621.6
9.22,0.47597,-0.006642,3.1608e+06,4.5392e+06,9624.2
9.23,0.4759,-0.0066635,3.1607e+06,4.5393e+06,9626.7
9.24,0.47583,-0.0066851,3.1607e+06,4.5393e+06,9629.3
9.25,0.47577,-0.0067069,3.1607e+06,4.5393e+06,9631.9
9.26,0.4757,-0.0067289,3.1606e+06,4.5394e+06,9634.6
9.27,0.47563,-0.006751,3.1606e+06,4.5394e+06,9637.2
9.28,0.47557,-0.0067732,3.1606e+06,4.5394e+06,9639.9
9.29,0.4755,-0.0067956,3.1605e+06,4.5395e+06,9642.6
9.3,0.47543,-0.0068182,3.1605e+06,4.5395e+06,9645.3
9.31,0.47536,-0.0068409,3.1605e+06,4.5395e+06,9648
9.32,0.47529,-0.0068638,3.1604e+06,4.5396e+06,9650.7
9.33,0.47522,-0.0068868,3.1604e+06,4.5396e+06,9653.5
9.34,0.47515,-0.0069099,3.1604e+06,4.5396e+06,9656.2
9.35,0.47509,-0.0069332,3.1603e+06,4.5397e+06,9659
9.36,0.47502,-0.0069566,3.1603e+06,4.5397e+06,9661.8
9.37,0.47495,-0.0069802,3.1603e+06,4.5397e+06,9664.7
9.38,0.47488,-0.0070039,3.1602e+06,4.5398e+06,9667.5
9.39,0.47481,-0.0070278,3.1602e+06,4.5398e+06,9670.4
9.4,0.47474,-0.0070518,3.1602e+06,4.5398e+06,9673.2
9.41,0.47467,-0.0070759,3.1601e+06,4.5399e+06,9676.1
9.42,0.47459,-0.0071002,3.1601e+06,4.5399e+06,9679
9.43,0.47452,-0.0071245,3.16e+06,4.54e+06,9681.9
9.44,0.47445,-0.0071491,3.16e+06,4.54e+06,9684.9
9.45,0.47438,-0.0071737,3.16e+06,4.54e+06,9687.8
9.46,0.47431,-0.0071984,3.1599e+06,4.5401e+06,9690.8
9.47,0.47424,-0.0072233,3.1599e+06,4.5401e+06,9693.8
9.48,0.47416,-0.0072483,3.1599e+06,4.5401e+06,9696.8
9.49,0.47409,-0.0072734,3.1598e+06,4.5402e+06,9699.8
9.5,0.47402,-0.0072986,3.1598e+06,4.5402e+06,9702.8
9.51,0.47395,-0.007324,3.1597e+06,4.5403e+06,9705.8
9.52,0.47387,-0.0073494,3.1597e+06,4.5403e+06,9708.9
9.53,0.4738,-0.0073749,3.1597e+06,4.5403e+06,9711.9
9.54,0.47372,-0.0074006,3.1596e+06,4.5404e+06,9715
9.55,0.47365,-0.0074263,3.1596e+06,4.5404e+06,9718.1
9.56,0.47358,-0.0074522,3.1595e+06,4.5405e+06,9721.2
9.57,0.4735,-0.0074781,3.1595e+06,4.5405e+06,9724.3
9.58,0.47343,-0.0075041,3.1595e+06,4.5405e+06,9727.4
9.59,0.47335,-0.0075303,3.1594e+06,4.5406e+06,9730.5
9.6,0.47328,-0.0075565,3.1594e+06,4.5406e+06,9733.6
9.61,0.4732,-0.0075828,3.1593e+06,4.5407e+06,9736.8
9.62,0.47312,-0.0076091,3.1593e+06,4.5407e+06,9739.9
9.63,0.47305,-0.0076356,3.1593e+06,4.5407e+06,9743.1
9.64,0.47297,-0.0076621,3.1592e+06,4.5408e+06,9746.3
9.65,0.47289,-0.0076887,3.1592e+06,4.5408e+06,9749.5
9.66,0.47282,-0.0077154,3.1591e+06,4.5409e+06,9752.7
9.67,0.47274,-0.0077422,3.1591e+06,4.5409e+06,9755.9
9.68,0.47266,-0.007769,3.1591e+06,4.5409e+06,9759.1
9.69,0.47258,-0.0077959,3.159e+06,4.541e+06,9762.3
9.7,0.47251,-0.0078229,3.159e+06,4.541e+06,9765.5
9.71,0.47243,-0.00785,3.1589e+06,4.5411e+06,9768.8
9.72,0.47235,-0.0078771,3.1589e+06,4.5411e+06,9772
9.73,0.47227,-0.0079042,3.1589e+06,4.5411e+06,9775.3
9.74,0.47219,-0.0079315,3.1588e+06,4.5412e+06,9778.5
9.75,0.47211,-0.0079588,3.1588e+06,4.5412e+06,9781.8
9.76,0.47203,-0.0079861,3.1587e+06,4.5413e+06,9785.1
9.77,0.47195,-0.0080136,3.1587e+06,4.5413e+06,9788.4
9.78,0.47187,-0.008041,3.1586e+06,4.5413e+06,9791.6
9.79,0.47179,-0.0080686,3.1586e+06,4.5414e+06,9794.9
9.8,0.47171,-0.0080962,3.1586e+06,4.5414e+06,9798.2
9.81,0.47163,-0.0081238,3.1585e+06,4.5415e+06,9801.6
9.82,0.47155,-0.0081515,3.1585e+06,4.5415e+06,9804.9
9.83,0.47147,-0.0081793,3.1584e+06,4.5416e+06,9808.2
9.84,0.47138,-0.0082071,3.1584e+06,4.5416e+06,9811.5
9.85,0.4713,-0.008235,3.1584e+06,4.5416e+06,9814.9
9.86,0.47122,-0.008263,3.1583e+06,4.5417e+06,9818.2
9.87,0.47114,-0.008291,3.1583e+06,4.5417e+06,9821.6
9.88,0.47105,-0.008319,3.1582e+06,4.5418e+06,9824.9
9.89,0.47097,-0.0083472,3.1582e+06,4.5418e+06,9828.3
9.9,0.47089,-0.0083753,3.1581e+06,4.5419e+06,9831.7
9.91,0.4708,-0.0084036,3.1581e+06,4.5419e+06,9835.1
9.92,0.47072,-0.0084319,3.1581e+06,4.5419e+06,9838.4
9.93,0.47063,-0.0084603,3.158e+06,4.542e+06,9841.8
9.94,0.47055,-0.0084887,3.158e+06,4.542e+06,9845.2
9.95,0.47047,-0.0085172,3.1579e+06,4.5421e+06,9848.6
9.96,0.47038,-0.0085457,3.1579e+06,4.5421e+06,9852.1
9.97,0.47029,-0.0085744,3.1578e+06,4.5422e+06,9855.5
9.98,0.47021,-0.008603,3.1578e+06,4.5422e+06,9858.9
9.99,0.47012,-0.0086318,3.1578e+06,4.5422e+06,9862.4
10,0.47004,-0.0086606,3.1577e+06,4.5423e+06,9865.8
